{"precision@10": 0.6398012100259292, "recall@10": 0.5351897058764792, "f1_score": 0.4785936346797417, "num_evaluated": 4628}