{"precision@10": 0.025020525451559934, "recall@10": 0.009969703322192497, "f1_score": 0.012063336550414855, "num_evaluated": 4872}