{"precision@10": 0.02175697865353038, "recall@10": 0.008669307236689128, "f1_score": 0.010489857869925961, "num_evaluated": 4872}